ID,Title,Type,URL,"SEO Title","Meta Description"
97672,"Bubble Tent Aurich",listing,https://book-a-bubble.de/en/bubble-tent-aurich/,N/A,N/A
97373,"Bubble Tent Eichstetten am Kaiserstuhl",listing,https://book-a-bubble.de/en/bubble-tent-eichstetten-am-kaiserstuhl/,N/A,N/A
94642,"Bubble Tent Füssen in Allgäu",listing,https://book-a-bubble.de/en/bubble-tent-fuessen-in-allgaeu/,N/A,N/A
115832,"Bubble Tent Peine",listing,https://book-a-bubble.de/en/bubble-tent-peine/,N/A,N/A
146795,"Bubble Tent Krugsdorf Standard",listing,https://book-a-bubble.de/en/bubble-tent-krugsdorf-standard/,N/A,N/A
146187,"Bubble Tent Bulle d&#8217;amour",listing,https://book-a-bubble.de/en/bubble-tent-bulle-damour/,N/A,N/A
146864,"Bubble Tent Ederaue Sauna Lovers",listing,https://book-a-bubble.de/en/bubble-tent-ederaue-sauna-lovers/,N/A,N/A
146866,"Bubble Tent Ederaue Hot Tub Fans",listing,https://book-a-bubble.de/en/bubble-tent-ederaue-hot-tub-fans/,N/A,N/A
184652,"Bubble Tent Bottwartal",listing,https://book-a-bubble.de/en/bubble-tent-bottwartal/,N/A,N/A
229569,"Bubble Tent Somvix",listing,https://book-a-bubble.de/en/bubble-tent-somvix/,"Bubble Tent Palatinate - glamping in the countryside","Spend the night in the Bubble Tent Palatinate and immerse yourself in the peace and beauty of nature."
229563,"Bubble Tent Weggis",listing,https://book-a-bubble.de/en/bubble-tent-weggis/,"Bubble Tent Weggis","Spend the night in the Bubble Tent Palatinate and immerse yourself in the peace and beauty of nature."
229566,"Bubble Tent Monteggio",listing,https://book-a-bubble.de/en/bubble-tent-monteggio/,"Bubble Tent Palatinate - glamping in the countryside","Spend the night in the Bubble Tent Palatinate and immerse yourself in the peace and beauty of nature."
229564,"Hyperdome Nassen",listing,https://book-a-bubble.de/en/hyperdome-nassen/,"Hyperdome Nassen","Spend the night in the Bubble Tent Palatinate and immerse yourself in the peace and beauty of nature."
229560,"Bubble Tent Thalkirch",listing,https://book-a-bubble.de/en/bubble-tent-thalkirch/,"Bubble Tent Thalkirch","Spend the night in the Bubble Tent Palatinate and immerse yourself in the peace and beauty of nature."
229556,"Bubble Tent Wasen im Emmental",listing,https://book-a-bubble.de/en/bubble-tent-wasen-im-emmental/,"Bubble Tent Wasen im Emmental",N/A
230115,"Bubble Tent Menznau",listing,https://book-a-bubble.de/en/bubble-tent-menznau/,"Bubble Tent Menznau",N/A
9106,"Bubble Tent Elzach",listing,https://book-a-bubble.de/en/bubble-tent-elzach/,N/A,N/A
9104,"Bubble Tent Gerbstedt",listing,https://book-a-bubble.de/en/bubble-tent-gerbstedt/,N/A,N/A
9107,"Bubble Tent Ellenberg",listing,https://book-a-bubble.de/en/bubble-tent-ellenberg/,N/A,N/A
9105,"Bubble Tent Furtwangen",listing,https://book-a-bubble.de/en/bubble-tent-furtwangen/,N/A,N/A
9102,"Bubble Tent Gutach im Breisgau",listing,https://book-a-bubble.de/en/bubble-tent-gutach-im-breisgau/,N/A,N/A
9103,"Bubble Tent Pfaffenhofen (Birkenheide)",listing,https://book-a-bubble.de/en/bubble-tent-ingolstadt/,N/A,N/A
94659,"Bubble Tent Berlin / Strausberg",listing,https://book-a-bubble.de/en/bubble-tent-berlin-strausberg/,N/A,N/A
95200,"Bubble Tent Dusseldorf",listing,https://book-a-bubble.de/en/bubble-tent-dusseldorf/,N/A,N/A
95206,"Bubble Tent Hesel",listing,https://book-a-bubble.de/en/bubble-tent-hesel/,N/A,N/A
115833,"Bubble Tent Gerbstedt &#8211; Exclusively for families",listing,https://book-a-bubble.de/en/family-bubble-tent-tauberfeld/,N/A,N/A
146793,"Bubble Tent Krugsdorf Wellness",listing,https://book-a-bubble.de/en/bubble-tent-krugsdorf-wellness/,N/A,N/A
146791,"Bubble Tent Krugsdorf Exclusive",listing,https://book-a-bubble.de/en/bubble-dome-krugsdorf-exclusive/,N/A,N/A
146788,"Bubble Tent Bulle de nuit",listing,https://book-a-bubble.de/en/bubble-tent-somnidbulle/,N/A,N/A
146785,"Bubble Tent Somn&#8217;en Bulle",listing,https://book-a-bubble.de/en/bubble-tent-somnen-bulle/,N/A,N/A
146206,"Bubble Tent Bulle d&#8217;R",listing,https://book-a-bubble.de/en/bubble-tent-bulle-dr/,N/A,N/A
146199,"Bubble Tent Noct&#8217;en Bulles",listing,https://book-a-bubble.de/en/bubble-tent-nocten-bulles/,N/A,N/A
146204,"Bubble Tent Domaine de la Tuilière Harmony",listing,https://book-a-bubble.de/en/bubble-tent-domaine-de-la-tuiliere-harmony/,"Harmony Bubble Tent at Domaine de la Tuiliere",N/A
146205,"Bubble Tent Domaine de la Tuilière Liberty",listing,https://book-a-bubble.de/en/bubble-tent-domaine-de-la-tuiliere-liberty/,"Freedom in Domaine de la Tuiliere's Liberty Tent",N/A
146192,"Bubble Tent Attrap&#8217;Rêves Bulle 1001",listing,https://book-a-bubble.de/en/bubble-tent-attrap-reve-bulle-1001/,N/A,N/A
146195,"Bubble Tent Attrap&#8217;Rêves Bulle Zen",listing,https://book-a-bubble.de/en/bubble-tent-attrap-reve-bulle-zen/,N/A,N/A
146198,"Bubble Tent Attrap&#8217;Rêves Bulle Love Nature",listing,https://book-a-bubble.de/en/bubble-tent-attrap-reve-bulle-love-nature/,"Explore Nature in Attrap Reve's Love Nature Tent",N/A
146188,"Bubble Tent Péniche Espoir",listing,https://book-a-bubble.de/en/bubble-tent-peniche-espoir/,N/A,N/A
146190,"Bubble Tent Les Bulles de Bordeaux Merlot",listing,https://book-a-bubble.de/en/bubble-tent-les-bulles-de-bordeaux-merlot/,"Elegant Merlot Bubble at Les Bulles de Bordeaux",N/A
149447,"Bubble Tent Les Bulles de Bordeaux Muscadelle",listing,https://book-a-bubble.de/en/bubble-tent-les-bulles-de-bordeaux-muscadelle/,"Escape to Muscadelle Bubble Tent at Bordeaux",N/A
149442,"Bubble Tent Les Bulles de Bordeaux Cabernet",listing,https://book-a-bubble.de/en/bubble-tent-les-bulles-de-bordeaux-cabernet/,"Luxury Nature Stay in Bordeaux's Cabernet Tent",N/A
149390,"Bubble Tent Les Bulles de Bordeaux Petit Verdot",listing,https://book-a-bubble.de/en/bubble-tent-les-bulles-de-bordeaux-petit-verdot/,N/A,N/A
149392,"Bubble Tent Les Bulles de Bordeaux Sémillon",listing,https://book-a-bubble.de/en/bubble-tent-les-bulles-de-bordeaux-semillon/,N/A,N/A
151311,"Bubble Tent Domaine de la Tuilière Atmo&#8217;Sphère",listing,https://book-a-bubble.de/en/bubble-tent-domaine-de-la-tuiliere-atmosphere/,"Serene Stay at Domaine de la Tuiliere",N/A
152144,"Bubble Tent Domaine des Butineuses Cassiopée",listing,https://book-a-bubble.de/en/bubble-tent-domaine-des-butineuses-cassiopee/,"Stargazing at Domaine des Butineuses' Cassiopee",N/A
152159,"Bubble Tent Domaine des Butineuses Zen",listing,https://book-a-bubble.de/en/bubble-tent-domaine-des-butineuses-zen/,N/A,N/A
157447,"Bubble Tent Scheidegg",listing,https://book-a-bubble.de/en/bubble-tent-scheidegg/,N/A,N/A
157452,"Bubble Tent Domaine des Butineuses Sky walker",listing,https://book-a-bubble.de/en/bubble-tent-domaine-des-butineuses-sky-walker/,"Adventure in Sky Walker Tent at Butineuses",N/A
182339,"Bubble Tent Loiret",listing,https://book-a-bubble.de/en/bubble-tent-loiret/,N/A,N/A
184437,"Bubble Tent Steigerwald",listing,https://book-a-bubble.de/en/bubble-tent-steigerwald/,N/A,N/A
184890,"Bubble Tent Harz",listing,https://book-a-bubble.de/en/bubble-tent-harz/,N/A,N/A
227647,"Bubble Tent Strada Di Stella",listing,https://book-a-bubble.de/en/bubble-tent-strada-di-stella/,"Bubble Hotel Strada di Stella - Magical nights","Glamping in the Bubble Tent Strada di Stella: experience unforgettable moments under a starry sky."
222995,"Bubble Tent Altmühltal (Greding)",listing,https://book-a-bubble.de/en/bubble-tent-altmuehltal-greding/,N/A,N/A
227649,"Bubble Tent La Bulle des Alpagas",listing,https://book-a-bubble.de/en/la-bulle-des-alpagas/,"Bubble Tent La bulle des Alpagas - glamping in the countryside","Spend the night in the Bubble Tent Hesel and immerse yourself in the peace and beauty of East Frisian nature."
228013,"Bubble Tent La Bulle d&#8217;Ardèche",listing,https://book-a-bubble.de/en/bubble-tent-la-bulle-dardeche/,"Bubble Tent Bulle d'Ardèche – Glamping im Grünen","Spend the night in the Bubble Tent Hesel and immerse yourself in the peace and beauty of East Frisian nature."
229752,"Bubble Tent Palatinate &#8211; Alpaca Al Capone",listing,https://book-a-bubble.de/en/bubble-tent-palatinate-alpaca-al-capone/,"Bubble Tent Palatinate - glamping in the countryside","Spend the night in the Bubble Tent Palatinate and immerse yourself in the peace and beauty of nature."
229751,"Bubble Tent Palatinate &#8211; Alpaca Alfonso",listing,https://book-a-bubble.de/en/bubble-tent-palatinate-alpaca-alfonso/,"Bubble Tent Palatinate - glamping in the countryside","Spend the night in the Bubble Tent Palatinate and immerse yourself in the peace and beauty of nature."
